No,Language,Language (local),Wiki,Articles,All pages,Edits,Admins,Users,Active users,Files,Depth
1,English,English,en,"7,085,394","64,396,510","1,315,739,516",829,"49,932,265","115,920","952,211","1,336"
2,Cebuano,Cebuano,ceb,"6,115,897","11,230,118","36,519,091",7,"133,421",175,3,2
3,German,Deutsch,de,"3,066,100","8,411,906","259,348,405",169,"4,799,705","38,742","130,270",93
4,French,fran√ßais,fr,"2,718,476","13,712,452","229,907,583",141,"5,436,542","41,010","77,366",274
5,Swedish,svenska,sv,"2,619,400","6,339,529","58,422,053",64,"978,650","5,155",0,18
6,Dutch,Nederlands,nl,"2,201,291","4,737,801","69,953,986",30,"1,465,537","8,927",20,19
7,Spanish,espa√±ol,es,"2,072,047","8,522,593","169,859,793",52,"7,524,848","12,438",0,193
8,Russian,—Ä—É—Å—Å–∫–∏–π,ru,"2,070,080","8,413,008","149,296,521",62,"3,822,608","7,757","262,552",166
9,Italian,italiano,it,"1,942,936","8,441,616","147,279,340",111,"2,737,042","30,722","122,463",195
10,Polish,polski,pl,"1,673,794","3,949,175","77,760,016",96,"1,448,683","11,441",264,36
11,Egyptian Arabic,ŸÖÿµÿ±Ÿâ,arz,"1,629,516","2,198,246","12,542,684",7,"272,244",360,"1,312",0
12,Chinese,‰∏≠Êñá,zh,"1,508,665","8,224,834","89,498,480",66,"3,876,797","16,964","69,167",215
13,Japanese,Êó•Êú¨Ë™û,ja,"1,479,071","4,345,683","106,905,368",40,"2,456,877","26,155","5,713",92
14,Ukrainian,—É–∫—Ä–∞—ó–Ω—Å—å–∫–∞,uk,"1,396,238","5,004,488","46,403,022",49,"844,892","6,290","114,188",61
15,Vietnamese,Ti·∫øng Vi·ªát,vi,"1,296,626","14,609,329","74,290,987",16,"1,013,475","3,339","27,214",536
16,Arabic,ÿßŸÑÿπÿ±ÿ®Ÿäÿ©,ar,"1,284,599","8,954,901","72,264,382",26,"2,815,338","8,944","55,606",287
17,Waray,Winaray,war,"1,266,814","2,870,586","7,725,441",3,"64,511",104,42,4
18,Portuguese,portugu√™s,pt,"1,159,243","5,998,970","70,955,781",50,"3,306,449","8,100","66,473",206
19,Persian,ŸÅÿßÿ±ÿ≥€å,fa,"1,060,626","5,988,929","42,891,712",36,"1,455,295","10,853","96,952",154
20,Catalan,catal√†,ca,"783,433","1,966,026","36,391,471",26,"531,952","2,915","11,374",42
21,Indonesian,Bahasa Indonesia,id,"749,384","4,155,465","28,318,651",48,"1,603,494","7,065","64,239",140
22,Korean,ÌïúÍµ≠Ïñ¥,ko,"727,031","3,472,760","40,749,844",27,"946,326","6,852","14,995",167
23,Serbian,—Å—Ä–ø—Å–∫–∏ / srpski,sr,"712,387","4,215,816","30,473,763",15,"490,692","2,077","39,759",174
24,Norwegian,norsk,no,"658,342","1,883,305","25,387,053",41,"677,362","2,913",4,46
25,Chechen,–Ω–æ—Ö—á–∏–π–Ω,ce,"655,165","1,288,963","11,013,222",3,"43,430",107,334,7
26,Turkish,T√ºrk√ße,tr,"650,891","3,369,324","36,282,218",23,"1,737,342","5,646","43,915",187
27,Finnish,suomi,fi,"606,688","1,559,158","23,605,165",35,"621,595","3,652","79,695",37
28,Czech,ƒçe≈°tina,cs,"579,686","1,616,601","25,328,322",32,"733,932","5,378",1,50
29,Hungarian,magyar,hu,"562,497","1,599,268","28,455,572",24,"601,281","1,390","9,391",60
30,Tatar,—Ç–∞—Ç–∞—Ä—á–∞ / tatar√ßa,tt,"560,324","896,067","4,642,865",8,"57,607",138,"6,884",1
31,Romanian,rom√¢nƒÉ,ro,"517,936","2,932,279","17,198,934",18,"717,774","2,142","119,973",127
32,Basque,euskara,eu,"474,669","1,019,165","10,427,554",12,"181,003",987,0,13
33,Serbo-Croatian,srpskohrvatski / —Å—Ä–ø—Å–∫–æ—Ö—Ä–≤–∞—Ç—Å–∫–∏,sh,"461,167","4,626,951","42,489,103",8,"297,541",417,"9,972",749
34,Malay,Bahasa Melayu,ms,"434,096","1,166,529","6,673,677",13,"368,699","2,683","17,908",16
35,Minnan,Èñ©ÂçóË™û / B√¢n-l√¢m-g√≠,zh-min-nan,"433,832","1,074,768","3,249,741",3,"70,015",145,292,6
36,Hebrew,◊¢◊ë◊®◊ô◊™,he,"385,423","1,622,726","42,042,253",28,"1,248,739","7,879","86,323",267
37,Esperanto,Esperanto,eo,"377,379","846,999","9,201,089",12,"243,954",498,"19,251",16
38,Armenian,’∞’°’µ’•÷Ä’•’∂,hy,"322,933","1,185,813","10,478,145",10,"159,946",725,"12,353",63
39,Uzbek,o ªzbekcha / —û–∑–±–µ–∫—á–∞,uz,"311,354","1,146,237","5,770,864",10,"211,268",838,"4,022",36
40,Danish,dansk,da,"311,323","975,833","12,125,498",25,"535,842","1,765",0,56
41,Bulgarian,–±—ä–ª–≥–∞—Ä—Å–∫–∏,bg,"306,389","693,568","12,712,015",20,"370,316","1,983",13,29
42,Welsh,Cymraeg,cy,"283,701","534,199","14,299,981",11,"101,651",187,"12,098",20
43,Simple English,Simple English,simple,"275,642","912,899","10,588,009",24,"1,663,890","4,699",36,61
44,Greek,ŒïŒªŒªŒ∑ŒΩŒπŒ∫Œ¨,el,"260,364","733,652","11,334,961",22,"469,516","2,668","19,544",51
45,Belarusian,–±–µ–ª–∞—Ä—É—Å–∫–∞—è,be,"256,974","718,906","5,044,592",9,"157,898",410,"3,545",22
46,Slovak,slovenƒçina,sk,"256,406","594,485","8,089,890",11,"274,114","1,488",0,23
47,Estonian,eesti,et,"255,633","602,653","7,002,325",36,"213,350","1,295",670,21
48,South Azerbaijani,ÿ™€Üÿ±⁄©ÿ¨Ÿá,azb,"244,356","579,740","1,579,826",4,"58,456",120,506,5
49,Kazakh,“õ–∞–∑–∞“õ—à–∞,kk,"240,832","655,642","3,512,938",15,"170,071",410,"8,597",15
50,Urdu,ÿßÿ±ÿØŸà,ur,"234,302","2,291,924","9,161,368",8,"201,244",433,"8,240",308
51,Minangkabau,Minangkabau,min,"228,666","473,695","3,186,868",5,"22,264",82,180,7
52,Croatian,hrvatski,hr,"228,301","492,096","7,311,862",14,"338,871","1,285","21,130",19
53,Galician,galego,gl,"227,466","558,309","7,217,086",6,"159,926",523,34,27
54,Lithuanian,lietuvi≈≥,lt,"223,943","558,923","7,672,448",9,"204,559",803,"26,885",30
55,Azerbaijani,az…ôrbaycanca,az,"208,875","633,615","8,354,054",12,"323,171","1,267","14,694",54
56,Slovenian,sloven≈°ƒçina,sl,"195,563","498,075","6,524,318",22,"247,721",761,"8,758",31
57,Georgian,·É•·Éê·É†·Éó·É£·Éö·Éò,ka,"186,482","519,907","4,910,392",6,"173,656",475,"15,844",30
58,Ladin,Ladin,lld,"180,807","187,810","243,096",3,"11,371",46,4,0
59,Tamil,‡Æ§‡ÆÆ‡Æø‡Æ¥‡Øç,ta,"178,145","607,064","4,388,008",32,"248,904",650,"9,531",41
60,Thai,‡πÑ‡∏ó‡∏¢,th,"177,293","1,149,648","12,621,013",20,"516,412","3,529","6,257",330
61,Bangla,‡¶¨‡¶æ‡¶Ç‡¶≤‡¶æ,bn,"176,943","1,365,117","8,553,793",15,"510,006","2,372","20,863",282
62,Norwegian Nynorsk,norsk nynorsk,nn,"176,835","398,306","3,621,427",14,"147,262",198,10,14
63,Hindi,‡§π‡§ø‡§®‡•ç‡§¶‡•Ä,hi,"167,165","1,381,865","6,480,262",7,"875,066","1,441","4,643",247
64,Macedonian,–º–∞–∫–µ–¥–æ–Ω—Å–∫–∏,mk,"156,205","588,805","5,457,650",12,"126,538",356,"8,787",71
65,Cantonese,Á≤µË™û,zh-yue,"147,648","333,180","2,338,122",11,"311,344","1,028","3,006",11
66,Latin,Latina,la,"140,670","290,732","3,915,137",21,"198,189",231,0,15
67,Latvian,latvie≈°u,lv,"138,314","554,247","4,350,655",14,"135,632",618,"27,936",70
68,Asturian,asturianu,ast,"137,720","245,612","4,433,973",7,"139,178",165,0,11
69,Afrikaans,Afrikaans,af,"126,903","432,594","2,843,864",14,"195,463",310,"9,876",38
70,Telugu,‡∞§‡±Ü‡∞≤‡±Å‡∞ó‡±Å,te,"116,702","398,998","4,563,538",11,"140,083",427,"14,715",66
71,Tajik,—Ç–æ“∑–∏–∫”£,tg,"116,029","283,687","1,444,507",6,"93,032",157,531,10
72,Burmese,·Äô·Äº·Äî·Ä∫·Äô·Ä¨·Äò·Ä¨·Äû·Ä¨,my,"109,775","260,061","953,353",4,"133,309",328,"2,935",6
73,Albanian,shqip,sq,"104,526","319,662","2,864,642",5,"177,397",499,"3,435",37
74,Swahili,Kiswahili,sw,"102,618","206,332","1,463,171",14,"83,209",441,"1,189",7
75,Malagasy,Malagasy,mg,"101,234","258,526","1,120,969",2,"37,237",92,3,10
76,Marathi,‡§Æ‡§∞‡§æ‡§†‡•Ä,mr,"100,679","325,227","2,622,435",10,"174,172",412,"2,432",40
77,Bosnian,bosanski,bs,"96,031","381,056","3,766,258",9,"173,347",308,"5,296",87
78,Kurdish,kurd√Æ,ku,"90,899","288,974","1,960,283",3,"117,152",211,555,32
79,Occitan,occitan,oc,"90,333","166,438","2,474,189",4,"60,325",154,305,10
80,Belarusian (Tara≈°kievica orthography),–±–µ–ª–∞—Ä—É—Å–∫–∞—è (—Ç–∞—Ä–∞—à–∫–µ–≤—ñ—Ü–∞),be-tarask,"89,882","263,576","2,633,647",4,"92,820",155,"2,182",37
81,Breton,brezhoneg,br,"89,691","159,671","2,159,051",6,"87,139",138,517,8
82,Malayalam,‡¥Æ‡¥≤‡¥Ø‡¥æ‡¥≥‡¥Ç,ml,"87,348","547,518","4,325,349",14,"196,321",541,"7,411",219
83,Low German,Plattd√º√ºtsch,nds,"85,758","184,750","1,044,762",3,"59,262",69,0,7
84,Lombard,lombard,lmo,"79,734","152,485","1,317,421",3,"49,335",92,795,7
85,Central Kurdish,⁄©Ÿàÿ±ÿØ€å,ckb,"79,112","251,656","1,512,216",7,"71,269",182,"2,976",28
86,Kyrgyz,–∫—ã—Ä–≥—ã–∑—á–∞,ky,"76,052","110,057","546,664",4,"45,028",158,"2,681",0
87,Javanese,Jawa,jv,"74,673","185,429","1,734,490",5,"68,808",209,"4,343",20
88,Western Punjabi,ŸæŸÜÿ¨ÿßÿ®€å,pnb,"74,641","140,088","692,973",2,"42,240",77,31,3
89,Newari,‡§®‡•á‡§™‡§æ‡§≤ ‡§≠‡§æ‡§∑‡§æ,new,"72,601","166,619","873,246",2,"30,180",25,0,8
90,Hausa,Hausa,ha,"71,959","109,710","730,632",15,"38,853",232,0,1
91,Haitian Creole,Krey√≤l ayisyen,ht,"71,122","92,356","869,322",2,"36,959",118,0,0
92,Piedmontese,Piemont√®is,pms,"70,618","106,629","878,584",4,"30,355",51,"1,893",2
93,Venetian,v√®neto,vec,"69,519","143,302","1,220,829",4,"39,946",59,724,9
94,Luxembourgish,L√´tzebuergesch,lb,"66,031","143,803","2,640,317",8,"67,801",124,"2,531",25
95,Mazanderani,ŸÖÿßÿ≤Ÿêÿ±ŸàŸÜ€å,mzn,"64,332","106,855","325,207",4,"43,355",47,411,1
96,Bashkir,–±–∞—à“°–æ—Ä—Ç—Å–∞,ba,"63,915","183,874","1,286,797",4,"45,645",88,"1,430",24
97,Irish,Gaeilge,ga,"62,583","111,961","1,283,200",7,"68,891",116,"1,007",7
98,Sundanese,Sunda,su,"62,134","99,698","691,129",7,"34,636",78,419,2
99,Icelandic,√≠slenska,is,"60,786","158,621","1,930,283",11,"108,747",324,"3,276",31
100,Ido,Ido,io,"59,988","85,048","1,085,708",4,"43,296",89,0,2
101,Silesian,≈õl≈Ønski,szl,"59,528","75,896","381,002",3,"28,148",49,0,0
102,Punjabi,‡®™‡©∞‡®ú‡®æ‡®¨‡©Ä,pa,"59,154","189,766","821,697",10,"56,102",143,"1,861",21
103,Western Frisian,Frysk,fy,"58,430","175,308","1,207,497",7,"55,069",91,"7,595",27
104,Chuvash,—á”ë–≤–∞—à–ª–∞,cv,"58,018","120,601","862,301",2,"38,526",59,530,8
105,Aragonese,aragon√©s,an,"50,457","182,261","2,338,259",9,"84,862",97,"1,912",87
106,Tagalog,Tagalog,tl,"48,760","247,717","2,177,354",10,"154,278",317,"1,823",146
107,Gilaki,⁄Ø€åŸÑ⁄©€å,glk,"48,352","57,630","154,566",2,"17,822",40,811,0
108,Wu,Âê¥ËØ≠,wuu,"46,892","71,140","380,012",4,"170,860",146,6,1
109,Volap√ºk,Volap√ºk,vo,"45,880","163,511","3,320,065",2,"39,239",36,0,133
110,Igbo,Igbo,ig,"43,757","60,027","328,742",4,"33,426",121,0,0
111,Dimli,Zazaki,diq,"42,340","63,880","538,195",3,"32,048",42,193,2
112,Yoruba,Yor√πb√°,yo,"36,234","60,965","603,898",4,"32,400",84,160,4
113,Scots,Scots,sco,"34,282","138,168","902,419",3,"121,859",143,424,59
114,Kannada,‡≤ï‡≤®‡≥ç‡≤®‡≤°,kn,"34,010","157,597","1,312,922",5,"94,180",255,"2,362",110
115,Balinese,Basa Bali,ban,"33,792","68,290","239,260",3,"62,934",154,143,3
116,Alemannic,Alemannisch,als,"31,379","74,663","1,073,493",7,"114,373",137,595,27
117,Gujarati,‡™ó‡´Å‡™ú‡™∞‡™æ‡™§‡´Ä,gu,"30,707","134,432","891,741",3,"83,486",171,0,75
118,Interlingua,interlingua,ia,"30,146","45,762","682,516",6,"56,522",56,4,4
119,Kotava,Kotava,avk,"29,896","36,342","146,354",6,"7,551",27,0,0
120,Crimean Tatar,qƒ±rƒ±mtatarca,crh,"29,616","57,486","240,640",2,"53,483",64,0,3
121,Nepali,‡§®‡•á‡§™‡§æ‡§≤‡•Ä,ne,"29,218","111,529","1,319,631",5,"74,006",195,"1,468",93
122,Bavarian,Boarisch,bar,"27,200","110,538","849,678",2,"77,008",64,"1,153",72
123,Mongolian,–º–æ–Ω–≥–æ–ª,mn,"26,421","113,104","836,396",5,"99,189",283,"1,341",79
124,Sicilian,sicilianu,scn,"26,132","56,014","769,361",4,"48,890",76,"1,077",17
125,Bishnupriya,‡¶¨‡¶ø‡¶∑‡ßç‡¶£‡ßÅ‡¶™‡ßç‡¶∞‡¶ø‡¶Ø‡¶º‡¶æ ‡¶Æ‡¶£‡¶ø‡¶™‡ßÅ‡¶∞‡ßÄ,bpy,"25,092","63,451","895,156",2,"27,486",26,35,32
126,Sinhala,‡∑É‡∑í‡∂Ç‡∑Ñ‡∂Ω,si,"24,602","166,020","767,743",3,"74,886",223,"2,932",152
127,Saraiki,ÿ≥ÿ±ÿßÿ¶€å⁄©€å,skr,"24,331","28,646","65,206",2,"3,802",27,0,0
128,Quechua,Runa Simi,qu,"24,205","58,220","678,905",1,"33,231",54,0,23
129,Navajo,Din√© bizaad,nv,"22,664","37,318","308,434",2,"19,894",24,736,3
130,Mingrelian,·Éõ·Éê·É†·Éí·Éê·Éö·É£·É†·Éò,xmf,"21,914","41,504","242,833",3,"22,055",43,0,4
131,Ossetic,–∏—Ä–æ–Ω,os,"21,358","76,392","589,526",3,"27,177",44,149,51
132,Central Bikol,Bikol Central,bcl,"21,122","49,870","297,921",4,"29,017",101,798,11
133,Pashto,Ÿæ⁄öÿ™Ÿà,ps,"20,813","74,753","356,645",3,"37,234",88,"1,815",32
134,Northern Frisian,Nordfriisk,frr,"20,663","51,266","275,199",4,"23,201",35,"1,482",11
135,Odia,‡¨ì‡¨°‡¨º‡¨ø‡¨Ü,or,"19,953","85,093","569,720",4,"39,944",104,170,71
136,Assamese,‡¶Ö‡¶∏‡¶Æ‡ßÄ‡¶Ø‡¶º‡¶æ,as,"19,919","114,909","547,401",6,"46,604",156,"2,345",108
137,Sindhi,ÿ≥ŸÜ⁄åŸä,sd,"19,580","70,103","339,184",4,"20,967",86,158,32
138,Tumbuka,chiTumbuka,tum,"18,794","39,187","106,473",4,"10,574",26,138,3
139,Yakut,—Å–∞—Ö–∞ —Ç—ã–ª–∞,sah,"17,750","53,763","420,842",4,"27,830",68,"1,765",32
140,Samogitian,≈æemaitƒó≈°ka,bat-smg,"17,273","30,043","362,250",4,"28,199",30,109,6
141,Mindong,Èñ©Êù±Ë™û / M√¨ng-dƒïÃ§ng-ng·π≥ÃÑ,cdo,"16,684","33,544","104,045",3,"24,056",35,0,3
142,Scottish Gaelic,G√†idhlig,gd,"16,012","32,581","579,245",5,"31,059",39,290,19
143,Buginese,Basa Ugi,bug,"15,955","20,464","205,555",1,"14,774",18,0,0
144,Yiddish,◊ô◊ô÷¥◊ì◊ô◊©,yi,"15,632","44,403","597,770",3,"58,171",71,985,45
145,Amharic,·ä†·àõ·à≠·äõ,am,"15,458","46,415","387,081",1,"53,052",112,"1,359",33
146,Iloko,Ilokano,ilo,"15,433","70,529","404,250",2,"19,292",55,0,73
147,Limburgish,Limburgs,li,"15,138","68,639","483,269",7,"32,137",45,622,87
148,Neapolitan,Napulitano,nap,"14,935","24,154","670,579",3,"33,202",39,287,10
149,Gorontalo,Bahasa Hulontalo,gor,"14,854","24,314","61,941",3,"7,641",43,0,1
150,Shan,·Äê·ÇÜ·Ä∏,shn,"14,249","33,871","114,755",2,"5,702",27,74,6
151,Maithili,‡§Æ‡•à‡§•‡§ø‡§≤‡•Ä,mai,"14,246","45,161","270,234",4,"16,271",50,126,28
152,Upper Sorbian,hornjoserbsce,hsb,"14,184","36,313","388,074",4,"27,353",40,126,26
153,Faroese,f√∏royskt,fo,"14,177","41,103","385,887",3,"33,363",76,0,33
154,Banyumasan,Basa Banyumasan,map-bms,"13,940","30,440","221,639",1,"19,253",58,452,10
155,Literary Chinese,ÊñáË®Ä,zh-classical,"13,855","116,245","425,110",6,"110,622",79,0,199
156,Santali,·±•·±ü·±±·±õ·±ü·±≤·±§,sat,"13,817","29,570","178,394",3,"10,045",48,0,7
157,Emiliano-Romagnolo,emili√†n e rumagn√≤l,eml,"13,687","36,713","164,637",3,"29,625",48,"2,818",12
158,Interlingue,Interlingue,ie,"13,359","17,639","165,815",1,"22,957",40,0,0
159,Dagbani,dagbanli,dag,"13,289","24,315","121,823",1,"6,743",60,0,3
160,Western Armenian,‘±÷Ä’•÷Ç’¥’ø’°’∞’°’µ’•÷Ä’ß’∂,hyw,"13,148","28,528","234,216",5,"13,262",50,0,11
161,Acehnese,Ac√®h,ace,"13,004","27,957","155,119",3,"31,589",49,0,7
162,Walloon,walon,wa,"12,779","30,601","419,322",4,"27,353",33,728,26
163,Sanskrit,‡§∏‡§Ç‡§∏‡•ç‡§ï‡•É‡§§‡§Æ‡•ç,sa,"12,403","81,079","495,754",3,"44,207",45,445,187
164,Fula,Fulfulde,ff,"12,384","26,708","128,684",3,"12,103",42,0,6
165,Fiji Hindi,Fiji Hindi,hif,"12,014","54,766","328,563",3,"37,645",65,187,75
166,Standard Moroccan Tamazight,‚µú‚¥∞‚µé‚¥∞‚µ£‚µâ‚µñ‚µú ‚µú‚¥∞‚µè‚¥∞‚µ°‚¥∞‚µ¢‚µú,zgh,"11,927","37,596","132,264",3,"21,345",91,0,16
167,Zulu,isiZulu,zu,"11,803","26,129","116,993",1,"24,402",54,0,6
168,Khmer,·ûó·û∂·ûü·û∂·ûÅ·üí·ûò·üÇ·ûö,km,"11,743","36,685","328,154",2,"47,720",165,808,40
169,Shona,chiShona,sn,"11,495","20,496","112,361",1,"19,897",28,0,3
170,Ligurian,Ligure,lij,"11,453","27,966","264,098",7,"18,756",34,30,19
171,Banjar,Banjar,bjn,"11,407","34,766","106,436",3,"16,525",49,2,12
172,Eastern Mari,–æ–ª—ã–∫ –º–∞—Ä–∏–π,mhr,"11,327","31,186","201,341",1,"16,067",31,0,19
173,Moroccan Arabic,ÿßŸÑÿØÿßÿ±ÿ¨ÿ©,ary,"10,936","90,344","457,616",3,"18,013",72,335,267
174,Tachelhit,Tacl·∏•it,shi,"10,878","14,930","77,562",2,"20,808",27,0,0
175,Kara-Kalpak,Qaraqalpaqsha,kaa,"10,845","28,222","176,651",4,"14,697",89,83,16
176,Manipuri,ÍØÉÍØ§ÍØáÍØ© ÍØÇÍØ£ÍØü,mni,"10,453","17,372","59,631",3,"24,547",31,0,1
177,Western Mari,–∫—ã—Ä—ã–∫ –º–∞—Ä—ã,mrj,"10,429","21,111","107,362",1,"11,979",18,0,5
178,Hakka Chinese,ÂÆ¢ÂÆ∂Ë™û / Hak-k√¢-ng√Æ,hak,"10,381","19,912","132,621",1,"35,580",51,0,5
179,Rusyn,—Ä—É—Å–∏–Ω—å—Å–∫—ã–π,rue,"10,141","22,293","160,908",1,"34,126",54,87,10
180,Pampanga,Kapampangan,pam,"10,139","23,228","309,762",2,"23,849",36,394,22
181,Talysh,tolƒ±≈üi,tly,"10,043","13,807","123,159",1,"24,250",36,1,1
182,Uyghur,ÿ¶€áŸäÿ∫€áÿ±⁄Ü€ï / Uyghurche,ug,"9,610","16,976","172,591",1,"24,674",41,0,5
183,Tarantino,tarand√≠ne,roa-tara,"9,492","18,899","150,643",3,"12,812",22,148,7
184,Somali,Soomaaliga,so,"9,082","28,212","287,660",1,"42,685",215,0,45
185,Bhojpuri,‡§≠‡•ã‡§ú‡§™‡•Å‡§∞‡•Ä,bh,"8,852","80,468","784,820",2,"38,747",52,54,638
186,Kinyarwanda,Ikinyarwanda,rw,"8,846","17,583","125,513",2,"16,754",71,0,6
187,Northern Sotho,Sesotho sa Leboa,nso,"8,782","11,488","53,211",1,"8,066",24,0,0
188,Corsican,corsu,co,"8,604","17,991","397,962",2,"26,025",48,0,26
189,West Flemish,West-Vlams,vls,"8,198","22,417","322,877",4,"29,703",32,348,43
190,Kashmiri,⁄©Ÿ≤ÿ¥Ÿèÿ±,ks,"8,124","19,903","120,931",2,"13,114",37,75,12
191,Low Saxon,Nedersaksies,nds-nl,"8,050","21,932","331,335",6,"33,402",50,561,44
192,MƒÅori,MƒÅori,mi,"8,012","15,428","166,374",2,"21,869",28,0,9
193,Northern Sami,davvis√°megiella,se,"7,904","21,121","305,248",5,"32,435",31,0,40
194,Erzya,—ç—Ä–∑—è–Ω—å,myv,"7,866","31,437","153,243",4,"14,556",21,0,43
195,Sardinian,sardu,sc,"7,728","17,522","187,116",4,"27,949",40,157,17
196,Maltese,Malti,mt,"7,630","23,473","325,637",4,"26,290",62,697,59
197,Moksha,–º–æ–∫—à–µ–Ω—å,mdf,"7,611","23,661","101,533",2,"11,273",18,0,19
198,Tibetan,‡Ωñ‡Ωº‡Ωë‡ºã‡Ω°‡Ω≤‡ΩÇ,bo,"7,292","20,914","155,402",3,"33,535",63,0,25
199,Cornish,kernowek,kw,"7,097","14,771","223,089",3,"17,823",28,6,17
200,Veps,veps√§n kel‚Äô,vep,"7,066","38,011","182,223",1,"17,698",27,0,91
201,Zeelandic,Ze√™uws,zea,"7,059","13,483","168,533",3,"15,144",24,1,10
202,Turkmen,T√ºrkmen√ße,tk,"7,019","17,481","266,009",2,"32,161",81,332,33
203,Kabyle,Taqbaylit,kab,"7,000","17,970","114,173",1,"15,739",29,0,15
204,Manx,Gaelg,gv,"6,968","38,842","366,251",3,"22,395",31,121,197
205,V√µro,v√µro,fiu-vro,"6,847","12,999","183,488",4,"15,961",31,50,11
206,Gan,Ë¥õË™û,gan,"6,772","34,428","400,372",2,"67,696",38,40,193
207,Inari Sami,anar√¢≈°kiel√¢,smn,"6,483","28,280","140,121",4,"6,284",31,0,56
208,Abkhazian,–∞‘•—Å—à”ô–∞,ab,"6,477","32,895","158,405",2,"23,630",42,9,80
209,Picard,Picard,pcd,"6,016","11,995","78,005",2,"20,439",34,50,6
210,Guarani,Ava√±e'·∫Ω,gn,"5,979","14,069","135,837",2,"21,719",44,0,17
211,Arpitan,arpetan,frp,"5,812","17,999","229,729",2,"18,800",27,0,56
212,Komi,–∫–æ–º–∏,kv,"5,728","19,732","147,170",1,"16,304",34,0,44
213,Udmurt,—É–¥–º—É—Ä—Ç,udm,"5,716","20,027","128,983",2,"16,886",27,8,40
214,Kashubian,kasz√´bsczi,csb,"5,495","8,892","190,110",3,"18,761",24,0,8
215,Aymara,Aymar aru,ay,"5,243","8,902","101,918",1,"18,741",32,0,5
216,Lao,‡∫•‡∫≤‡∫ß,lo,"5,215","15,697","121,291",4,"21,832",77,36,31
217,Norman,Nouormand,nrm,"5,055","10,681","220,975",1,"14,806",17,0,25
218,Old English,√Ünglisc,ang,"5,004","21,109","226,355",1,"134,910",82,264,111
219,Papiamento,Papiamentu,pap,"4,964","10,302","174,149",5,"17,240",28,0,19
220,Friulian,furlan,fur,"4,877","11,183","181,558",2,"16,209",30,296,27
221,Lingala,ling√°la,ln,"4,835","11,457","133,555",4,"15,080",38,34,21
222,Livvi-Karelian,livvinkarjala,olo,"4,630","13,923","38,706",2,"8,229",23,0,11
223,Twi,Twi,tw,"4,625","8,588","134,617",3,"17,666",32,0,11
224,Lingua Franca Nova,Lingua Franca Nova,lfn,"4,491","7,186","42,063",1,"15,739",34,0,2
225,Lezghian,–ª–µ–∑–≥–∏,lez,"4,445","14,890","97,422",3,"12,338",19,11,36
226,Ganda,Luganda,lg,"4,363","8,696","43,694",1,"10,348",47,0,4
227,Nahuatl,NƒÅhuatl,nah,"4,281","13,348","523,448",2,"24,019",23,168,175
228,Mirandese,Mirand√©s,mwl,"4,280","10,730","105,741",1,"14,730",23,0,22
229,Saterland Frisian,Seeltersk,stq,"4,129","10,818","123,714",4,"14,722",18,381,30
230,Extremaduran,estreme√±u,ext,"4,050","9,126","139,190",2,"19,440",25,0,23
231,Ghanaian Pidgin,Ghanaian Pidgin,gpe,"4,014","21,540","81,017",2,"4,164",28,0,71
232,Avaric,–∞–≤–∞—Ä,av,"4,002","18,757","96,623",2,"16,922",37,0,70
233,Tuvinian,—Ç—ã–≤–∞ –¥—ã–ª,tyv,"3,997","14,393","51,091",1,"10,578",27,0,24
234,Ladino,Ladino,lad,"3,873","13,609","215,298",4,"23,807",24,21,99
235,Romansh,rumantsch,rm,"3,809","9,779","167,826",2,"22,583",31,48,42
236,Goan Konkani,‡§ó‡•ã‡§Ç‡§Ø‡§ö‡•Ä ‡§ï‡•ã‡§Ç‡§ï‡§£‡•Ä / G√µychi Konknni,gom,"3,643","8,903","213,947",4,"11,376",18,0,50
237,Doteli,‡§°‡•ã‡§ü‡•á‡§≤‡•Ä,dty,"3,626","22,156","245,885",2,"7,834",24,3,289
238,Komi-Permyak,–ø–µ—Ä–µ–º –∫–æ–º–∏,koi,"3,469","13,381","63,414",1,"9,602",12,0,38
239,Lower Sorbian,dolnoserbski,dsb,"3,425","11,627","146,580",1,"20,419",30,0,72
240,Fon,f…îÃÄngb√®,fon,"3,243","4,962","28,424",2,"1,910",26,0,1
241,Chavacano,Chavacano de Zamboanga,cbk-zam,"3,237","8,991","116,856",2,"16,015",24,0,41
242,Tswana,Setswana,tn,"3,235","7,381","44,648",1,"12,019",33,4,9
243,Divehi,ﬁãﬁ®ﬁàﬁ¨ﬁÄﬁ®ﬁÑﬁ¶ﬁêﬁ∞,dv,"3,190","12,538","136,856",2,"27,418",31,931,93
244,Betawi,Betawi,bew,"3,055","7,390","32,180",3,"2,549",36,0,8
245,Colognian,Ripoarisch,ksh,"3,037","10,798","1,609,467",3,"24,612",17,0,973
246,Gagauz,Gagauz,gag,"3,013","7,801","74,793",1,"16,069",27,0,24
247,Zhuang,Vahcuengh,za,"3,006","5,567","42,731",1,"12,124",12,0,5
248,Hawaiian,Hawai ªi,haw,"2,961","6,198","100,190",1,"20,055",39,0,19
249,Russia Buriat,–±—É—Ä—è–∞–¥,bxr,"2,910","11,320","74,036",1,"17,116",22,8,54
250,Pa'O,·Äï·Ä°·Ä≠·ÄØ·Äù·Ä∫·Çè·Äò·Ä¨·Çè·Äû·Ä¨·Çè,blk,"2,907","8,648","32,535",1,"2,627",22,0,14
251,Tulu,‡≤§‡≥Å‡≤≥‡≥Å,tcy,"2,850","17,104","198,548",4,"8,397",39,13,290
252,Palatine German,P√§lzisch,pfl,"2,826","7,063","92,661",4,"13,446",14,0,29
253,Southern Dagaare,Dagaare,dga,"2,806","6,277","56,074",1,"1,356",21,0,13
254,Sakizaya,Sakizaya,szy,"2,735","6,280","139,502",1,"3,928",15,0,37
255,Komering,Kumoring,kge,"2,660","4,370","31,125",0,"1,104",13,0,2
256,Karachay-Balkar,–∫—ä–∞—Ä–∞—á–∞–π-–º–∞–ª–∫—ä–∞—Ä,krc,"2,629","16,696","120,015",2,"11,624",25,0,205
257,Pangasinan,Pangasinan,pag,"2,618","6,725","79,091",1,"9,448",20,0,28
258,Atayal,Tayal,tay,"2,582","3,280","62,069",1,"2,526",21,0,1
259,Awadhi,‡§Ö‡§µ‡§ß‡•Ä,awa,"2,520","5,871","28,078",2,"4,603",23,0,8
260,Ingush,–≥”Ä–∞–ª–≥”Ä–∞–π,inh,"2,408","15,971","70,628",2,"5,735",21,37,140
261,Xhosa,isiXhosa,xh,"2,319","5,568","39,793",1,"15,245",37,0,14
262,Atikamekw,Atikamekw,atj,"2,076","3,283","16,705",9,"5,729",16,0,1
263,Tongan,lea faka-Tonga,to,"2,043","5,533","43,834",2,"12,317",18,12,23
264,Pennsylvania German,Deitsch,pdc,"2,039","6,042","107,198",1,"37,610",32,0,68
265,Frafra,farefare,gur,"2,010","3,205","20,596",1,"1,952",29,0,2
266,Madurese,Madhur√¢,mad,"1,974","11,247","41,746",4,"4,090",81,0,81
267,Oromo,Oromoo,om,"1,960","5,337","45,222",1,"12,962",37,0,25
268,Mon,·Äò·Ä¨·Äû·Ä¨·Äô·Äî·Ä∫,mnw,"1,957","6,790","47,196",3,"4,876",19,0,42
269,Aramaic,‹ê‹™‹°‹ù‹ê,arc,"1,915","6,564","97,105",2,"23,021",28,0,87
270,Kikuyu,Gƒ©k≈©y≈©,ki,"1,899","3,784","22,616",1,"10,023",14,0,5
271,Novial,Novial,nov,"1,877","4,812","180,225",2,"13,232",15,0,91
272,Iban,Jaku Iban,iba,"1,842","4,915","15,477",0,"1,547",62,0,8
273,Nias,Li Niha,nia,"1,764","4,459","25,877",2,"2,606",17,0,13
274,Wolof,Wolof,wo,"1,741","5,563","107,049",1,"16,989",25,0,92
275,Jamaican Creole English,Patois,jam,"1,732","3,134","22,658",1,"11,516",26,0,4
276,Kabiye,Kab…©y…õ,kbp,"1,714","3,448","18,565",1,"5,564",14,0,5
277,Central Dusun,Kadazandusun,dtp,"1,706","7,177","22,926",3,"2,138",24,0,32
278,Fanti,mfantse,fat,"1,665","4,608","24,395",2,"2,203",20,0,16
279,Angika,‡§Ö‡§Ç‡§ó‡§ø‡§ï‡§æ,anp,"1,661","5,209","22,548",1,"3,295",22,0,19
280,Kabardian,–∞–¥—ã–≥—ç–±–∑—ç,kbd,"1,637","7,100","48,514",2,"11,190",18,0,76
281,Fijian,Na Vosa Vakaviti,fj,"1,612","4,343","37,992",1,"10,407",18,0,25
282,Kalmyk,—Ö–∞–ª—å–º–≥,xal,"1,597","12,356","92,141",1,"11,024",22,0,338
283,N‚ÄôKo,ﬂíﬂûﬂè,nqo,"1,569","3,401","12,533",1,"5,433",25,0,5
284,Kongo,Kongo,kg,"1,567","4,018","48,243",2,"12,401",17,0,29
285,Gun,gungbe,guw,"1,558","2,770","43,023",4,"2,204",20,0,9
286,Central Kanuri,Yerwa Kanuri,knc,"1,525","2,395","27,012",3,"1,001",16,0,3
287,Southern Sotho,Sesotho,st,"1,521","5,378","35,038",1,"12,187",30,0,41
288,Nigerian Pidgin,Naij√°,pcm,"1,510","2,763","29,879",4,"3,077",25,0,7
289,Bislama,Bislama,bi,"1,479","3,440","43,915",1,"14,905",23,0,22
290,Tyap,Tyap,kcg,"1,450","6,324","38,803",2,"2,520",16,1,69
291,Tok Pisin,Tok Pisin,tpi,"1,405","5,792","89,412",1,"15,484",27,0,150
292,Aromanian,arm√£neashti,roa-rup,"1,389","4,622","209,120",1,"15,434",21,0,245
293,Tetum,tetun,tet,"1,380","3,952","69,658",2,"10,966",17,0,61
294,Lojban,la .lojban.,jbo,"1,348","5,816","113,587",1,"18,888",22,0,214
295,Church Slavic,—Å–ª–æ–≤—£–Ω—å—Å–∫—ä / ‚∞î‚∞é‚∞ë‚∞Ç‚∞°‚∞ê‚∞†‚∞î‚∞ç‚∞ü,cu,"1,310","5,884","86,558",1,"28,352",26,0,179
296,Mossi,moore,mos,"1,303","2,086","31,414",0,"1,221",13,0,5
297,Ewe,e ãegbe,ee,"1,267","4,252","59,621",2,"16,525",25,0,77
298,Lak,–ª–∞–∫–∫—É,lbe,"1,255","16,192","53,914",1,"9,433",13,0,471
299,Tahitian,reo tahiti,ty,"1,250","3,076","54,003",1,"8,426",14,0,37
300,Taroko,Seediq,trv,"1,201","2,209","104,026",1,"2,743",13,0,33
301,Batak Toba,Batak Toba,bbc,"1,200","2,261","14,351",2,"2,093",22,0,4
302,Kusaal,K ãsaal,kus,"1,195","1,777","14,097",0,935,14,0,1
303,Sylheti,Í†çÍ†§Í†üÍ†êÍ†§,syl,"1,194","6,112","29,127",1,"1,270",13,0,80
304,Batak Mandailing,Batak Mandailing,btm,"1,181","2,657","11,917",1,"1,226",12,0,7
305,Samoan,Gagana Samoa,sm,"1,177","6,144","47,574",1,"11,787",22,0,137
306,Amis,Pangcah,ami,"1,145","2,252","47,769",1,"3,310",14,0,19
307,Swati,SiSwati,ss,"1,133","3,479","42,224",3,"9,997",18,0,52
308,Sranan Tongo,Sranantongo,srn,"1,129","2,730","40,005",1,"8,716",14,0,29
309,Latgalian,latgaƒºu,ltg,"1,111","3,406","37,099",1,"8,450",16,0,46
310,Southern Altai,–∞–ª—Ç–∞–π —Ç–∏–ª,alt,"1,102","6,983","48,145",2,"4,155",11,0,196
311,Nyanja,Chi-Chewa,ny,"1,099","5,413","48,233",2,"12,198",22,0,137
312,Guianan Creole,kriy√≤l gwiyannen,gcr,"1,075","2,670","17,592",1,"4,078",16,0,14
313,Arakanese,·Äõ·ÄÅ·Ä≠·ÄØ·ÄÑ·Ä∫,rki,"1,060","3,178","15,599",2,615,40,0,19
314,Cherokee,·è£·é≥·é©,chr,"1,000","4,065","51,093",1,"29,781",28,0,118
315,Gothic,êå≤êåøêçÑêåπêçÉêå∫,got,976,"3,946","48,357",2,"22,108",29,0,113
316,Tsonga,Xitsonga,ts,954,"4,243","39,715",2,"12,076",23,0,111
317,Pannonian Rusyn,—Ä—É—Å–∫–∏,rsk,934,"2,132","12,910",1,"1,547",15,0,9
318,Igala,Igala,igl,933,"1,330","32,722",0,"1,139",15,0,4
319,Bambara,bamanankan,bm,920,"3,329","41,837",1,"12,340",17,0,86
320,Venda,Tshivenda,ve,822,"2,417","21,214",1,"9,091",12,0,33
321,Vlax Romani,romani ƒçhib,rmy,756,"2,843","57,044",1,"19,141",15,0,152
322,Cheyenne,Tsets√™hest√¢hese,chy,724,"2,285","25,364",1,"13,466",23,0,51
323,Rundi,ikirundi,rn,703,"2,727","26,782",1,"11,043",15,0,81
324,Wayuu,wayuunaiki,guc,687,"1,341","17,622",2,"2,332",41,0,11
325,Adyghe,–∞–¥—ã–≥–∞–±–∑—ç,ady,615,"4,646","16,118",1,"9,677",26,0,149
326,Inupiaq,I√±upiatun,ik,604,"2,870","40,238",1,"9,972",17,0,197
327,Chamorro,Chamoru,ch,557,"2,585","24,468",1,"17,818",24,0,125
328,Pontic,Œ†ŒøŒΩœÑŒπŒ±Œ∫Œ¨,pnt,488,"2,106","36,247",1,"12,032",14,0,189
329,Nupe,Nupe,nup,486,997,"17,037",3,756,16,0,18
330,Obolo,Obolo,ann,433,891,"4,842",1,946,12,0,6
331,Inuktitut,·êÉ·ìÑ·íÉ·ëé·ëê·ë¶ / inuktitut,iu,424,"3,009","48,608",2,"32,905",49,0,600
332,Dzongkha,‡Ωá‡Ωº‡ΩÑ‡ºã‡ΩÅ,dz,377,"5,484","38,272",1,"12,619",33,0,"1,280"
333,Paiwan,pinayuanan,pwn,375,631,"12,967",1,"2,423",14,0,9
334,Sango,S√§ng√∂,sg,368,"2,062","21,545",1,"7,593",13,0,221
335,Tai Nuea,·•ñ·•≠·•∞ ·•ñ·•¨·•≤ ·•ë·•®·•í·•∞,tdd,342,"1,855","6,582",1,828,9,0,69
336,Dinka,Thu…î≈ãj√§≈ã,din,338,"1,126","9,016",1,"7,360",14,0,43
337,Tigrinya,·âµ·åç·à≠·äõ,ti,335,"3,027","25,599",2,"10,936",25,0,546
338,Pali,‡§™‡§æ‡§≤‡§ø,pi,290,"1,826","102,864",1,"8,196",14,1,"1,580"
339,South Ndebele,isiNdebele seSewula,nr,266,836,"5,712",0,"1,092",16,0,31
340,Kalaallisut,kalaallisut,kl,245,"2,290","76,382",3,"15,555",24,0,"2,323"
341,West Coast Bajau,Bajau Sama,bdr,236,"1,315","5,493",1,"1,149",13,0,87
342,Tigre,·âµ·åç·à¨,tig,44,478,"6,408",1,"1,051",12,0,"1,304"
343,Cree,Nƒìhiyawƒìwin / ·ìÄ·ê¶·êÉ·î≠·êç·êè·ê£,cr,14,"2,342","40,983",2,"22,495",25,0,"483,867"
